{
    "src/addons/FS/FormThreadModeration/addon.json": "fe26a7922e71f1b62f2f7f6fcf38d360009d1c70b6b38a92fb3d3f60a2e568c8",
    "src/addons/FS/FormThreadModeration/Setup.php": "15c1b27d5d4ea6e95a9a18ae8e528bbb44d7a45d1706c59809ee699106ed047d",
    "src/addons/FS/FormThreadModeration/Snog/Forms/Pub/Controller/Form.php": "2e277153e8dd1282c63abdf0d24cf01362ebe88ebb7424b789ea348f15184118",
    "src/addons/FS/FormThreadModeration/XF/Entity/Thread.php": "d70c1f361e3be24b89f163ccee4b8995869747d1ffb192d58eeda3d781fba6e0",
    "src/addons/FS/FormThreadModeration/_data/activity_summary_definitions.xml": "99d8c2563a31320d66f958fc8bda78613545f5f7959bb3cf5318805e3a3c39d2",
    "src/addons/FS/FormThreadModeration/_data/admin_navigation.xml": "064ec797484ac00d5ee37367b50b06846d11f480d00550997712707f8fdac8c0",
    "src/addons/FS/FormThreadModeration/_data/admin_permission.xml": "ec6fb97cebf0bceb24f1ed1d5778c1db54eeb7535fbb3e31d824840e7aa9ff87",
    "src/addons/FS/FormThreadModeration/_data/advertising_positions.xml": "d2f7cbe844bb1df3cf878d22ff6306249245c8ff6b0b87b9b729744bec538261",
    "src/addons/FS/FormThreadModeration/_data/api_scopes.xml": "6793eaf758f140e8137187ba20e65f4faccf53410433ae3ad7a8b3b38cb6b3b7",
    "src/addons/FS/FormThreadModeration/_data/bb_codes.xml": "faa4ddd5f4a365e5ac39aebdcbe2d25aedf74e7eb9ea4a812766e2fd5e13bdb1",
    "src/addons/FS/FormThreadModeration/_data/bb_code_media_sites.xml": "29762987990187b33e43cfb68c08dc917b2d3f0176613d78f8e6c453f82da3f3",
    "src/addons/FS/FormThreadModeration/_data/class_extensions.xml": "0b99495ffc28eaa02f8b69eb06943adb2d99bb89021fe6ca2b91e268736d981d",
    "src/addons/FS/FormThreadModeration/_data/code_events.xml": "8370dec3df47f91df4cf79da253446ad11b29f4ea568fe76c774e97a0379f0eb",
    "src/addons/FS/FormThreadModeration/_data/code_event_listeners.xml": "d6b5072f4909dee7a20ee9e44b163f95c8aa52e6ac7f573e292000cd9238c331",
    "src/addons/FS/FormThreadModeration/_data/content_type_fields.xml": "c7ad5472b28f465b7ac7617627707eba1b7a39d28089460d52e1ed292fc0b06a",
    "src/addons/FS/FormThreadModeration/_data/cron.xml": "323c4284742ef24329cd6db6f288eb9736d2353f36852e1db12591e1583aea26",
    "src/addons/FS/FormThreadModeration/_data/help_pages.xml": "a8a0c0b06cdc550438bc8a8d385af3e1e5ab3459877dfb934c1c31be59c89163",
    "src/addons/FS/FormThreadModeration/_data/member_stats.xml": "89fb2b93ff1eca7a1f6f752248edf6090dfd24037db1446fd18ff7143f08124d",
    "src/addons/FS/FormThreadModeration/_data/navigation.xml": "f75e1c03a45a360bbdfcd0567121665082315068475d5b0feb8b1acbb1688651",
    "src/addons/FS/FormThreadModeration/_data/options.xml": "8308aafd490a5cb9774d05beb4be9f5052d8c97336a4f682383fabc51b11af35",
    "src/addons/FS/FormThreadModeration/_data/option_groups.xml": "d30e9fa35a7aadd41504b4f86c2122e0b0d6d7dc16d88dbb7e8a82847c924598",
    "src/addons/FS/FormThreadModeration/_data/permissions.xml": "19b1e893b20fb0f9d73690519d6ab424004b1c18a8616c58f34fb2fdcdb2b625",
    "src/addons/FS/FormThreadModeration/_data/permission_interface_groups.xml": "726a64389d24b99602bd60907add89f164aff93250ae1b6c5c896ba0cba17484",
    "src/addons/FS/FormThreadModeration/_data/phrases.xml": "e54ca7f945ace5fa49c2552c87d7b8620adc60e570e496d73d41d4c17afe0212",
    "src/addons/FS/FormThreadModeration/_data/routes.xml": "550fa64f9feedf137dd877b38c2684f94474619d2d83890dbb717a91b50da8f5",
    "src/addons/FS/FormThreadModeration/_data/style_properties.xml": "8b8690a8512f01f219dd2da76e3d0c5f62afc1f317b87794a7331c859c36a7a8",
    "src/addons/FS/FormThreadModeration/_data/style_property_groups.xml": "68e1879cb3846c42d978487aa8d5145ff3335fc39e58016878824d5cf3fd684c",
    "src/addons/FS/FormThreadModeration/_data/templates.xml": "95d4b078b90e74e773cef6695ef94c742e74b8d62e6798738f11f0215a58faee",
    "src/addons/FS/FormThreadModeration/_data/template_modifications.xml": "5caad595c85eee5c3497bc3da07f3ba0ed0bad4fe7dc57c90821b5e5323f2869",
    "src/addons/FS/FormThreadModeration/_data/widget_definitions.xml": "37e46965256430f24004c2e7f08ba08f9b0d1cbcc4d70e84b3f4e3ffb713e64b",
    "src/addons/FS/FormThreadModeration/_data/widget_positions.xml": "a29cee66134f6bc5d75ed9df1eef21096c24401915c5b5c774389c3d7bb2d5b3"
}