{
    "src/addons/FS/ForumAutoReply/addon.json": "01a863658c7a80f63f200b2b57edff592b3fd4ba3efdc34d499939e44bffd0d1",
    "src/addons/FS/ForumAutoReply/Admin/Controller/ForumAutoController.php": "d10b97fc03f80bde4c406ce6a24398e72ebd94f7b45cd2b559d0457b52811daf",
    "src/addons/FS/ForumAutoReply/Admin/View/Member/Find.php": "53a272e712a6785a6dfc384a237302c01e407278e9a12fddd5f5f11045da4de6",
    "src/addons/FS/ForumAutoReply/Entity/ForumAutoReply.php": "8152c1430403a4837209e3c19ecd3e11c19742810012cf3dfb62cb915428e2f4",
    "src/addons/FS/ForumAutoReply/Service/AutoReply.php": "e07d2d6b705c860bf85f7e8321338f6950b8018afc0745d1e8bc212238217791",
    "src/addons/FS/ForumAutoReply/Service/Replier.php": "b9c27fc3b18102de29dae5f4cd2976ae1a4d9102e2a9fe5e989fbacf7f926c65",
    "src/addons/FS/ForumAutoReply/Setup.php": "cf24da4ac91ac784c673aa6bb9d599a4bda296fb780b22db9a7b2214e996b2eb",
    "src/addons/FS/ForumAutoReply/XF/Pub/Controller/Forum.php": "e4b2c280973b1e524eb0fccf6b4d07f4b77c720a971e6e10c7d2dab861e15f78",
    "src/addons/FS/ForumAutoReply/_data/activity_summary_definitions.xml": "99d8c2563a31320d66f958fc8bda78613545f5f7959bb3cf5318805e3a3c39d2",
    "src/addons/FS/ForumAutoReply/_data/admin_navigation.xml": "4780d38ed53c65d08d0c5dfff741e93696e93090a5dc12e3e2d4e384dd21a30c",
    "src/addons/FS/ForumAutoReply/_data/admin_permission.xml": "ec6fb97cebf0bceb24f1ed1d5778c1db54eeb7535fbb3e31d824840e7aa9ff87",
    "src/addons/FS/ForumAutoReply/_data/advertising_positions.xml": "d2f7cbe844bb1df3cf878d22ff6306249245c8ff6b0b87b9b729744bec538261",
    "src/addons/FS/ForumAutoReply/_data/api_scopes.xml": "6793eaf758f140e8137187ba20e65f4faccf53410433ae3ad7a8b3b38cb6b3b7",
    "src/addons/FS/ForumAutoReply/_data/bb_codes.xml": "faa4ddd5f4a365e5ac39aebdcbe2d25aedf74e7eb9ea4a812766e2fd5e13bdb1",
    "src/addons/FS/ForumAutoReply/_data/bb_code_media_sites.xml": "29762987990187b33e43cfb68c08dc917b2d3f0176613d78f8e6c453f82da3f3",
    "src/addons/FS/ForumAutoReply/_data/class_extensions.xml": "0a6b7b02e0a7110b9335aff197585196247cc3692c247006b9c45bbcbd9efcd2",
    "src/addons/FS/ForumAutoReply/_data/code_events.xml": "8370dec3df47f91df4cf79da253446ad11b29f4ea568fe76c774e97a0379f0eb",
    "src/addons/FS/ForumAutoReply/_data/code_event_listeners.xml": "d6b5072f4909dee7a20ee9e44b163f95c8aa52e6ac7f573e292000cd9238c331",
    "src/addons/FS/ForumAutoReply/_data/content_type_fields.xml": "c7ad5472b28f465b7ac7617627707eba1b7a39d28089460d52e1ed292fc0b06a",
    "src/addons/FS/ForumAutoReply/_data/cron.xml": "323c4284742ef24329cd6db6f288eb9736d2353f36852e1db12591e1583aea26",
    "src/addons/FS/ForumAutoReply/_data/help_pages.xml": "a8a0c0b06cdc550438bc8a8d385af3e1e5ab3459877dfb934c1c31be59c89163",
    "src/addons/FS/ForumAutoReply/_data/member_stats.xml": "89fb2b93ff1eca7a1f6f752248edf6090dfd24037db1446fd18ff7143f08124d",
    "src/addons/FS/ForumAutoReply/_data/navigation.xml": "f75e1c03a45a360bbdfcd0567121665082315068475d5b0feb8b1acbb1688651",
    "src/addons/FS/ForumAutoReply/_data/options.xml": "1cea29aa5671733d85c8fc6f7c66128eacbca5643cbb38585eb82002879b51a4",
    "src/addons/FS/ForumAutoReply/_data/option_groups.xml": "154d7a89664b243d0bd8227c22e241f934bf7e196c83230ee23d3c0c4fba1333",
    "src/addons/FS/ForumAutoReply/_data/permissions.xml": "7e4fc7d5826733d15ea2d8936b9bdd41afcaad810eb38e50da3c8d8eafda1550",
    "src/addons/FS/ForumAutoReply/_data/permission_interface_groups.xml": "3177224e96458b829aa7fb24866dda9e0455a4922aee3d669b53f59a1ffdf5d1",
    "src/addons/FS/ForumAutoReply/_data/phrases.xml": "d47e2ee7ac7017f2ad841a41714376b23e7e055da398dbc2a25b22a0ad58d3d9",
    "src/addons/FS/ForumAutoReply/_data/routes.xml": "6a09bc0e477d9a1e4fe4e3b085a3288d9ae994d44df57df8e0613d64d2b092b1",
    "src/addons/FS/ForumAutoReply/_data/style_properties.xml": "8b8690a8512f01f219dd2da76e3d0c5f62afc1f317b87794a7331c859c36a7a8",
    "src/addons/FS/ForumAutoReply/_data/style_property_groups.xml": "68e1879cb3846c42d978487aa8d5145ff3335fc39e58016878824d5cf3fd684c",
    "src/addons/FS/ForumAutoReply/_data/templates.xml": "0e7f3a46aa4120bf4a6eeae0452d439a25570eeded6e20a24348acaab0a11b0b",
    "src/addons/FS/ForumAutoReply/_data/template_modifications.xml": "3b54b7df00a6a4a18c5e012b6e2588e35c23aaa13a5fc227f08646a97590d778",
    "src/addons/FS/ForumAutoReply/_data/widget_definitions.xml": "37e46965256430f24004c2e7f08ba08f9b0d1cbcc4d70e84b3f4e3ffb713e64b",
    "src/addons/FS/ForumAutoReply/_data/widget_positions.xml": "a29cee66134f6bc5d75ed9df1eef21096c24401915c5b5c774389c3d7bb2d5b3"
}