{
    "src/addons/FS/SecurityQuestion/addon.json": "6de029cd565dc6271bc5ce91446b65b78229b30c518490079682fe2432f180be",
    "src/addons/FS/SecurityQuestion/Admin/Controller/SecurityQuestion.php": "adf1efb99a0fe63c212e823046fbf5a49b4c61e4d49273db009c658db9a5e6f0",
    "src/addons/FS/SecurityQuestion/Entity/SecurityQuestion.php": "a3bb563ccd477b6b29d35059b0adb047443c4fcff9c29994283167595b387da7",
    "src/addons/FS/SecurityQuestion/Entity/SecurityQuestionAnswer.php": "06d4d15b994bb2ccd08fb7a0c9e8a974da61344d228de5373241b4cd6596dbcb",
    "src/addons/FS/SecurityQuestion/Pub/Controller/LostPassword.php": "6081e74875b54b1ffbc65414efa20959aea4eb45d9de174af183fb73e132001f",
    "src/addons/FS/SecurityQuestion/Pub/Controller/SecurityQuestion.php": "e60fee6d44f8246d7e61e1e6b93069af0e22722422d1e53486128ae991247661",
    "src/addons/FS/SecurityQuestion/Setup.php": "c8bb8c5c4253b7a7843a911d4c36878251aaa07f224df4a816595fff980097f7",
    "src/addons/FS/SecurityQuestion/_data/activity_summary_definitions.xml": "99d8c2563a31320d66f958fc8bda78613545f5f7959bb3cf5318805e3a3c39d2",
    "src/addons/FS/SecurityQuestion/_data/admin_navigation.xml": "8c19a623baebc94324a4d503de32193b5d2125c984a3329ab5c78b0a30786107",
    "src/addons/FS/SecurityQuestion/_data/admin_permission.xml": "ec6fb97cebf0bceb24f1ed1d5778c1db54eeb7535fbb3e31d824840e7aa9ff87",
    "src/addons/FS/SecurityQuestion/_data/advertising_positions.xml": "d2f7cbe844bb1df3cf878d22ff6306249245c8ff6b0b87b9b729744bec538261",
    "src/addons/FS/SecurityQuestion/_data/api_scopes.xml": "6793eaf758f140e8137187ba20e65f4faccf53410433ae3ad7a8b3b38cb6b3b7",
    "src/addons/FS/SecurityQuestion/_data/bb_codes.xml": "faa4ddd5f4a365e5ac39aebdcbe2d25aedf74e7eb9ea4a812766e2fd5e13bdb1",
    "src/addons/FS/SecurityQuestion/_data/bb_code_media_sites.xml": "29762987990187b33e43cfb68c08dc917b2d3f0176613d78f8e6c453f82da3f3",
    "src/addons/FS/SecurityQuestion/_data/class_extensions.xml": "27c9a39a1ee9d8bf91c038cb6c2c5f55d3a805838f5fe129c1964d7454cc10e4",
    "src/addons/FS/SecurityQuestion/_data/code_events.xml": "8370dec3df47f91df4cf79da253446ad11b29f4ea568fe76c774e97a0379f0eb",
    "src/addons/FS/SecurityQuestion/_data/code_event_listeners.xml": "d6b5072f4909dee7a20ee9e44b163f95c8aa52e6ac7f573e292000cd9238c331",
    "src/addons/FS/SecurityQuestion/_data/content_type_fields.xml": "c7ad5472b28f465b7ac7617627707eba1b7a39d28089460d52e1ed292fc0b06a",
    "src/addons/FS/SecurityQuestion/_data/cron.xml": "323c4284742ef24329cd6db6f288eb9736d2353f36852e1db12591e1583aea26",
    "src/addons/FS/SecurityQuestion/_data/help_pages.xml": "a8a0c0b06cdc550438bc8a8d385af3e1e5ab3459877dfb934c1c31be59c89163",
    "src/addons/FS/SecurityQuestion/_data/member_stats.xml": "89fb2b93ff1eca7a1f6f752248edf6090dfd24037db1446fd18ff7143f08124d",
    "src/addons/FS/SecurityQuestion/_data/navigation.xml": "f75e1c03a45a360bbdfcd0567121665082315068475d5b0feb8b1acbb1688651",
    "src/addons/FS/SecurityQuestion/_data/options.xml": "1cea29aa5671733d85c8fc6f7c66128eacbca5643cbb38585eb82002879b51a4",
    "src/addons/FS/SecurityQuestion/_data/option_groups.xml": "154d7a89664b243d0bd8227c22e241f934bf7e196c83230ee23d3c0c4fba1333",
    "src/addons/FS/SecurityQuestion/_data/permissions.xml": "7e4fc7d5826733d15ea2d8936b9bdd41afcaad810eb38e50da3c8d8eafda1550",
    "src/addons/FS/SecurityQuestion/_data/permission_interface_groups.xml": "3177224e96458b829aa7fb24866dda9e0455a4922aee3d669b53f59a1ffdf5d1",
    "src/addons/FS/SecurityQuestion/_data/phrases.xml": "46fa975803732605d8324eebeaa62f6cb4443a813cfb64094e3792e4903f5a0d",
    "src/addons/FS/SecurityQuestion/_data/routes.xml": "349b697a1adc1d6389475760457d85201ec2e0d77c106e5ccbfac6364144c713",
    "src/addons/FS/SecurityQuestion/_data/style_properties.xml": "8b8690a8512f01f219dd2da76e3d0c5f62afc1f317b87794a7331c859c36a7a8",
    "src/addons/FS/SecurityQuestion/_data/style_property_groups.xml": "68e1879cb3846c42d978487aa8d5145ff3335fc39e58016878824d5cf3fd684c",
    "src/addons/FS/SecurityQuestion/_data/templates.xml": "d8cb4c4809eaf3b272df907a028f24b629dc8366f14b16c34079c4bb53ad426e",
    "src/addons/FS/SecurityQuestion/_data/template_modifications.xml": "72902ee95c2abf91924db684bc99958a8251342b09740f738128ac43d3d5928b",
    "src/addons/FS/SecurityQuestion/_data/widget_definitions.xml": "37e46965256430f24004c2e7f08ba08f9b0d1cbcc4d70e84b3f4e3ffb713e64b",
    "src/addons/FS/SecurityQuestion/_data/widget_positions.xml": "a29cee66134f6bc5d75ed9df1eef21096c24401915c5b5c774389c3d7bb2d5b3"
}