{
    "src/addons/Snog/Forms/addon.json": "5a74913e63033a686314a95387f4b73bf66f5cf31d9ef99527b809b3b852bb74",
    "src/addons/Snog/Forms/Admin/Controller/Export.php": "696d0629fbc3d5b8d2ea564cc48db2a5eeab52e3df3966e3020f2df7d1d900b0",
    "src/addons/Snog/Forms/Admin/Controller/Forms.php": "1cbd308bc3dc08b4373466b2e628264def135763dd6396c2df5ca82868f7fdff",
    "src/addons/Snog/Forms/Admin/Controller/Import.php": "2191d1cf553636ec128d95f900e047597cdffc2820188d5a0fa1253c2ad8e213",
    "src/addons/Snog/Forms/Admin/Controller/Questions.php": "9aa2cbee01ded3b08937af8bbb328a8bcf9b6f325ad46b2ddf4846a9dbebbe9e",
    "src/addons/Snog/Forms/Admin/Controller/Types.php": "8606e40479d15fe36ade2215f37001b17784720b68ade4a08fbe0b78099ef580",
    "src/addons/Snog/Forms/Admin/View/Export.php": "899a075f02f21f4f6b60345bf4808e7f5fe036e900318f8bcc5953c25151a18e",
    "src/addons/Snog/Forms/CHANGELOG.md": "535d2afac9abf0f10db34143e68f259f475b6c84c665c17eb0813cce97084673",
    "src/addons/Snog/Forms/composer.json": "70aee769c5af68e03076d1e2a5de837ad500f46e8bc4dea35269cf2b88859b0a",
    "src/addons/Snog/Forms/composer.lock": "342c461d164a90aacbce2dfd2d6250928930e228ae16f14433d7cc11ea9bac91",
    "src/addons/Snog/Forms/ControllerPlugin/Form.php": "93288abc27478f4bc96e6fc0ba602a3b80084f79cb377dfab4ff6f70ba2d7d46",
    "src/addons/Snog/Forms/ControllerPlugin/Poll.php": "d51c86147ab2bd32fa8fc715993343b9d01a9cb55f4b7cff58771bfa02f535b0",
    "src/addons/Snog/Forms/Cron/Pollresults.php": "b709aaaa574a2369f36e4bade040d4807c322b7206ee464b384c22995672ab47",
    "src/addons/Snog/Forms/Entity/Answers.php": "d6a86777613150140a955ef6475838af542bd63c5ee25c092fd8052892cb5ec2",
    "src/addons/Snog/Forms/Entity/ExportableInterface.php": "cd85b42ffc894d63c66132efa1aa98ae2fa62fc3603255a934905f1cf34892a8",
    "src/addons/Snog/Forms/Entity/Form.php": "4e4afbf6f742bef3bc00498859f43448d5dd60618ae27623370f63f8b024997a",
    "src/addons/Snog/Forms/Entity/Log.php": "1a1d67b8eb27aacac413c8020b0ef9e6799db9f91fe462c57c76d57ee96e5bb6",
    "src/addons/Snog/Forms/Entity/Promotion.php": "7ce0902c7835404b308cb1a71719e67f564d059b7b22357ff1ef87260f68447e",
    "src/addons/Snog/Forms/Entity/Question.php": "d8d5a09e72507ba2a3c369ed4c3f7571d239845f7590f3ce252c355710d94499",
    "src/addons/Snog/Forms/Entity/Type.php": "39bf9f7f78e5f90b84fcaeb6252a188554e0fafb7924c537d47b973a3dc725ac",
    "src/addons/Snog/Forms/Finder/Answers.php": "7ebca2439113179c590ae25bf6595f3411836e640adb8d615c8010dc498776aa",
    "src/addons/Snog/Forms/Finder/Form.php": "d93a348b3f86d005b8e7c92a2153474c7f5231b3808bd5398ca4c642c2c44d08",
    "src/addons/Snog/Forms/Finder/Log.php": "f4e104b24a05e0e37f77bfb254f2721f1f35949ba9117cfbac6e3aec9f52be5c",
    "src/addons/Snog/Forms/Listener.php": "ccd434615dc50624e38a821bd0bb565fa6834873da7dfabb395190f817e1445d",
    "src/addons/Snog/Forms/Pub/Controller/Form.php": "dab4f14ae9a38a210d3ba56b7005d3e4475a818e7d81a89d2d2dc37154cdc8c7",
    "src/addons/Snog/Forms/README.txt": "6b27859cb9f54a21b37e49f084f5258fe8279fae40614496709acf6d34e431e4",
    "src/addons/Snog/Forms/Repository/Answer.php": "cf5dc34523b6139e34c9bb789b18524cd553dc3dd6b554438de64141e29a1553",
    "src/addons/Snog/Forms/Repository/Form.php": "66b4e47da3207603212baeaea9dcf755bd5f1cb9a8c80f45d366f2c110a4e3c8",
    "src/addons/Snog/Forms/Repository/Log.php": "6d3d2248ef14c5e4fd65c635d8c73ac84134bb5ded686b5c578f81cc7daf3d23",
    "src/addons/Snog/Forms/Repository/Promotion.php": "d71d47d3ec80afd10bf845cb078cf0ddffc9f57869a3337d7101bdbba67f7a6c",
    "src/addons/Snog/Forms/Repository/Question.php": "93ff04ec5a9af1f22afc2b5b8eb9c5a833cc0f713acd333b98595da85cb0f2a6",
    "src/addons/Snog/Forms/Repository/Type.php": "dc061168c3b099917dc78c572fc5982be45d9f14685f249e3182e2302c997373",
    "src/addons/Snog/Forms/Service/Export.php": "e54a3b47fc31dff3b251d1df045e0864a51324fa30112cff05ca2cfb22e13416",
    "src/addons/Snog/Forms/Service/Import.php": "a74ef2ca8d6b935313c556e0610b6d1a50eab1a184c8956823591ef9542a0380",
    "src/addons/Snog/Forms/Setup.php": "c8e840436b8e1796b1dda38938b3277bd9bef2b8ca8ce3610ae0790fe8ce9039",
    "src/addons/Snog/Forms/vendor/autoload.php": "08774ffa5d04b0924f816a8a6afc15bbeb9d715090211321c266896cc09d8409",
    "src/addons/Snog/Forms/vendor/composer/autoload_classmap.php": "45d5bf7fdfa5220d95b0a597ff991d0224eefc6e6912da867b8e1bb59c5e49b4",
    "src/addons/Snog/Forms/vendor/composer/autoload_files.php": "a8711e97f466342a903fff64086f9be857d39895b031153291555d5a7858f657",
    "src/addons/Snog/Forms/vendor/composer/autoload_namespaces.php": "6d1b582b311799934568f00d45e01de7a04f8a1865a8a72c7841904ad4dac3a7",
    "src/addons/Snog/Forms/vendor/composer/autoload_psr4.php": "f3fee08474c716293c28d1ec2025dbdaf77093472a13de555addcf1acdd24eaf",
    "src/addons/Snog/Forms/vendor/composer/autoload_real.php": "7784f38373e79dd023dd8bd46acf2a9797ae6942dddf9193c076c069febe60e1",
    "src/addons/Snog/Forms/vendor/composer/autoload_static.php": "900a38c0665f6455c219f9e7edf8253220a8e3b1fe57d46869507fdce102e982",
    "src/addons/Snog/Forms/vendor/composer/ClassLoader.php": "e4fc4d4487a4d766d3ef14606fa0d8ff09dd7f3f0885425803d7aa7fc68e2c3d",
    "src/addons/Snog/Forms/vendor/composer/installed.json": "42ee5d69d491b79b9fb487317fb9b28721b5abd52b4336f59980799fff770ea1",
    "src/addons/Snog/Forms/vendor/composer/LICENSE": "c8cce4b6b9729f264ffdf9296d505d63432497feeed1f586d1902b942197e024",
    "src/addons/Snog/Forms/vendor/league/csv/autoload.php": "e2f65770434cfe8eedeaf4ade05b36ffecc7a652bccfecde3e615b283a098272",
    "src/addons/Snog/Forms/vendor/league/csv/CHANGELOG.md": "9dd34691e8a3aae8123c2e133057e8a9a49cfbdcd8f4cc2b0f4239a65fa49adb",
    "src/addons/Snog/Forms/vendor/league/csv/composer.json": "a61bcf5a92f95c0856fddedff80d3fb1769989376bc99722f24c6828dea57647",
    "src/addons/Snog/Forms/vendor/league/csv/LICENSE": "2df5116166856ca7c1190ca09e7ff1369ffccca69e8afbbd9cc1d7fa279fc0ff",
    "src/addons/Snog/Forms/vendor/league/csv/src/AbstractCsv.php": "c8ad1f02212146ae6d251e4280c0b49de22b270dc955a1b85502c0fe9fb29218",
    "src/addons/Snog/Forms/vendor/league/csv/src/ByteSequence.php": "dc0732e03d91925bef1edbc0b10b504d341ba8f9ba8332de25a9a44ef6f4658c",
    "src/addons/Snog/Forms/vendor/league/csv/src/CannotInsertRecord.php": "b538c4601c9e8bb4256937ff723c8440b040b43003b0508dd6e20513dc13edb1",
    "src/addons/Snog/Forms/vendor/league/csv/src/CharsetConverter.php": "f94445d44d96a9a7201bb5a26e276b4ee5fb1f01bc3eb9179615f77592898256",
    "src/addons/Snog/Forms/vendor/league/csv/src/ColumnConsistency.php": "ad61797287b12096d62b2b1989d91982b3e7e21ea8701c7dcacc0a51dd0582bc",
    "src/addons/Snog/Forms/vendor/league/csv/src/EncloseField.php": "eb5562bac23a2ce857a4cc08c4ed72e211fa45f781a0de112b0227af551bd301",
    "src/addons/Snog/Forms/vendor/league/csv/src/EscapeFormula.php": "c66c561389ee2b963d2ddb38d01aa8c5f937900044a0c0e59ee86714f933213e",
    "src/addons/Snog/Forms/vendor/league/csv/src/Exception.php": "1d18ab2d2657b02b16ceedbd82ce8ab7057ef39cd5d996aba94cfbe3d0179147",
    "src/addons/Snog/Forms/vendor/league/csv/src/functions.php": "6189b31e133f4ba6bfd3943eaf14cc86902fb05d53aec13c989da3e46921f2ea",
    "src/addons/Snog/Forms/vendor/league/csv/src/functions_include.php": "18e107a4c38b70179865d781ab772a374ff15ae3f4e8aee182eb4a622b88fbf1",
    "src/addons/Snog/Forms/vendor/league/csv/src/HTMLConverter.php": "2d9dc396d062fca4bc45cab6d6971f4ed1311f0821627669d40e71e05e70dc63",
    "src/addons/Snog/Forms/vendor/league/csv/src/InvalidArgument.php": "d492b99bc9b98dbb5a98f382b583f957c7030d86da6833d69ce4f7365f2efb91",
    "src/addons/Snog/Forms/vendor/league/csv/src/MapIterator.php": "66747bd1c37a13c76e390f0400666b55d05550a7c7de1b2b794577cc630f80fb",
    "src/addons/Snog/Forms/vendor/league/csv/src/Polyfill/EmptyEscapeParser.php": "621c24f718952acd709c655262fac236b3306c36d8071ca42bd02e22eea54254",
    "src/addons/Snog/Forms/vendor/league/csv/src/Reader.php": "467be306dd5792a01526cff3d5ae76263a9291b68b2454dad9825c6fed00afb1",
    "src/addons/Snog/Forms/vendor/league/csv/src/ResultSet.php": "a58157408f54a3e418575bfb298e899ab1450240085062cd451e3bb353b8d5c9",
    "src/addons/Snog/Forms/vendor/league/csv/src/RFC4180Field.php": "30dfe93a03c00ffb955888475380eb753f05325c57e155c38cb5745ee4b591ad",
    "src/addons/Snog/Forms/vendor/league/csv/src/Statement.php": "87ba7b9458a17ecfa5fdc384d2ab0f0ff5a04f47d086f9eefa4aee851cdf2b8a",
    "src/addons/Snog/Forms/vendor/league/csv/src/Stream.php": "ad3f181091868382bb89d021874222c938a921798d9bc90bcdd0cc16e000dd10",
    "src/addons/Snog/Forms/vendor/league/csv/src/SyntaxError.php": "80b578765adb3578b41cea2845b9679fc69aa96bb15fe0d4e4f99963459bb961",
    "src/addons/Snog/Forms/vendor/league/csv/src/UnavailableFeature.php": "2e2dc1bca96d68af4deddbb3261d82b1ef3ddeb9aab01261dfdac7d3e4b5fc38",
    "src/addons/Snog/Forms/vendor/league/csv/src/Writer.php": "e45f8123960f65b156662c0f12c44cf18cbd7e41a15be1d595af5a6f04fb859c",
    "src/addons/Snog/Forms/vendor/league/csv/src/XMLConverter.php": "642752e23f40bded66f32210cfff20209fa10f46c49f5777e55ffb2cb48a7ee1",
    "src/addons/Snog/Forms/Widget/Form.php": "c0992f013f251971765ae37529c82cabe1b5671d4827fc8cf9a14cf888657861",
    "src/addons/Snog/Forms/Widget/Forms.php": "9cb825b2f841eb50c3a883a1bb27311e4771a9bfe44bf0494c00960fc1b00812",
    "src/addons/Snog/Forms/XF/Admin/Controller/Log.php": "ba4dcf29093cf800fc1f200ce6ec7c1a3335e1ee916b3d4e2678a3334439a30b",
    "src/addons/Snog/Forms/XF/Entity/Forum.php": "9a03879a7d70ef7a163dab70bf1d673922869177d216360743c7cb5b7f891c31",
    "src/addons/Snog/Forms/XF/Entity/Node.php": "ce85cf2036348f73cb13a72dfa57d20754bd7bc1f9d9b3569318adc863a2803a",
    "src/addons/Snog/Forms/XF/Entity/Post.php": "797b2ab4caf5d514f97ff11dd3ce82c6109de30643a0ccf9a0e6a71574e1e81b",
    "src/addons/Snog/Forms/XF/Entity/Thread.php": "17533f447cc95cf71372a523cb89d67c9569bcd0b13ffc6d69ce0f7469c104da",
    "src/addons/Snog/Forms/XF/Entity/User.php": "f3e88ecf5e5ff47649791b1816ff052d2b00534e1c2cf55b4960a91c9541b3f5",
    "src/addons/Snog/Forms/XF/Pub/Controller/Attachment.php": "b68387fe48a527d95fbfae2700a435dcf2e38c6098939b6236d5e76f13681c6e",
    "src/addons/Snog/Forms/XF/Pub/Controller/Thread.php": "7e7a513261d5fc816f0b18e0fbb26d166f63e436c2e08117b68092b1f0120195",
    "src/addons/Snog/Forms/XF/Repository/Post.php": "c6e72e1845582dc534082b49bf2775e17064a06123a17ba86d9a461afdb94309",
    "src/addons/Snog/Forms/_data/activity_summary_definitions.xml": "99d8c2563a31320d66f958fc8bda78613545f5f7959bb3cf5318805e3a3c39d2",
    "src/addons/Snog/Forms/_data/admin_navigation.xml": "84a5beea737936b6ecb46cc0ed21feff6549cbccd10115f78b8ea4e55d1c055f",
    "src/addons/Snog/Forms/_data/admin_permission.xml": "393d113e4dfa4c7426299cdfbd5b5f8783a086b1e5b83f37745a356a37a91d26",
    "src/addons/Snog/Forms/_data/advertising_positions.xml": "d2f7cbe844bb1df3cf878d22ff6306249245c8ff6b0b87b9b729744bec538261",
    "src/addons/Snog/Forms/_data/api_scopes.xml": "6793eaf758f140e8137187ba20e65f4faccf53410433ae3ad7a8b3b38cb6b3b7",
    "src/addons/Snog/Forms/_data/bb_codes.xml": "2929c2b33d627f134b28444682f92d581c4276fb2ea414a4e81f887581e709fc",
    "src/addons/Snog/Forms/_data/bb_code_media_sites.xml": "29762987990187b33e43cfb68c08dc917b2d3f0176613d78f8e6c453f82da3f3",
    "src/addons/Snog/Forms/_data/class_extensions.xml": "5c10f5725fc14dc2a2a62e438d0a38b3b0779b5ea026abebd2b37ee9775b503f",
    "src/addons/Snog/Forms/_data/code_events.xml": "8370dec3df47f91df4cf79da253446ad11b29f4ea568fe76c774e97a0379f0eb",
    "src/addons/Snog/Forms/_data/code_event_listeners.xml": "63233fa3b3db2af993ccda54d3d637ac594e14b54845ab7eab94df65665465d7",
    "src/addons/Snog/Forms/_data/content_type_fields.xml": "18e1fd249285faab5517af3c617c80cd131730ecb2e47f340ec334b20240395c",
    "src/addons/Snog/Forms/_data/cron.xml": "cef252ac87e92180b011e5865e68c01cf8e927d340479b75a49fbe1dc2d3b3f8",
    "src/addons/Snog/Forms/_data/fsp_tab_definitions.xml": "abb2b7aa27c03482a4959a03f94c42a9c89f043e12621f3cde7543c44f65dced",
    "src/addons/Snog/Forms/_data/help_pages.xml": "a8a0c0b06cdc550438bc8a8d385af3e1e5ab3459877dfb934c1c31be59c89163",
    "src/addons/Snog/Forms/_data/member_stats.xml": "89fb2b93ff1eca7a1f6f752248edf6090dfd24037db1446fd18ff7143f08124d",
    "src/addons/Snog/Forms/_data/mjc_event_definitions.xml": "b83182307cd408c22a7cb78315af16f996bd63af5d82b59a40f48be875e74da4",
    "src/addons/Snog/Forms/_data/navigation.xml": "5beaa815f1179a314298cef1c0b8929f9323c907fb7cdc10e322acad8562b3b3",
    "src/addons/Snog/Forms/_data/options.xml": "68c3d486d1d702b320cd8802265f763058aa708f726d53ddb1f7802a80b74056",
    "src/addons/Snog/Forms/_data/option_groups.xml": "e873948041a6e15f5df950959a7779e63510e3ffb3702c263369e5cf03c91ce9",
    "src/addons/Snog/Forms/_data/permissions.xml": "12831ded5f43533c9cedc5367b95084550c9bf8a28bfa2a004f38138db2360a5",
    "src/addons/Snog/Forms/_data/permission_interface_groups.xml": "c2cc77f926e956a07828d2ad0cbb8556acb4351a71cad9de9bc6e696ecd21dd8",
    "src/addons/Snog/Forms/_data/phrases.xml": "ceed9c747fb0498740639fca312e2cb1e67041a592d791160fbcf2ef6f5c7793",
    "src/addons/Snog/Forms/_data/rebuilds.xml": "9e63a580cce5c65864be60b75fed296416fc4084e4cde1039429c544f3630ba0",
    "src/addons/Snog/Forms/_data/routes.xml": "bff58d47115c28fa260b0518adbce804ffbf6bfaa914368f9199fa809d3db0f6",
    "src/addons/Snog/Forms/_data/style_properties.xml": "8b8690a8512f01f219dd2da76e3d0c5f62afc1f317b87794a7331c859c36a7a8",
    "src/addons/Snog/Forms/_data/style_property_groups.xml": "68e1879cb3846c42d978487aa8d5145ff3335fc39e58016878824d5cf3fd684c",
    "src/addons/Snog/Forms/_data/templates.xml": "335c795b8d80ec2e5ed6e2942ea55d22f795f3e19bb3f55ca2628edd33ed737d",
    "src/addons/Snog/Forms/_data/template_modifications.xml": "e898dd2dc9dbfb62bc8eb4f3d7daed793686ff87e44c6da7900644321d22ac54",
    "src/addons/Snog/Forms/_data/widget_definitions.xml": "59e2ac17e7a935e8563ca8ba167d5ce67ef2d22e44d5475c6e0e9e9d647196db",
    "src/addons/Snog/Forms/_data/widget_positions.xml": "4f5e9871d842cf8cc407d6dc00496de1e3216171850b0b81c7e54db015bf0ec3"
}