{
    "src/addons/Demo/addon.json": "b1690c1d81dff20616b7abdfeeb2122e4a26b9c54cd505e673036fd0b910ce1d",
    "src/addons/Demo/Pad/Entity/Note.php": "2a0e005a191368e96fbed8cab0c14bd047eb9474b2a03f1876f37980bb83812a",
    "src/addons/Demo/Pad/Pub/Controller/Note.php": "4a3a14d71cdb12e925c3acda99c2c692934903d4229ad3b45698bacf432ff75d",
    "src/addons/Demo/Pub/View/Example.php": "11fc90bd25a4139f105bf5c0423c47ba4b1066cd221fabd4e255bd7d0f1b3758",
    "src/addons/Demo/Setup.php": "7893d52075561f58bde1c77b8d909dc334cc7d6b73f6519023cb1b4c3384fc77",
    "src/addons/Demo/XF/Pub/Controller/Member.php": "0ec6fcc7bd6494638f0d4bcf1a12603e17e1d83ec4af993138b7426d31f3c2fd",
    "src/addons/Demo/_data/activity_summary_definitions.xml": "99d8c2563a31320d66f958fc8bda78613545f5f7959bb3cf5318805e3a3c39d2",
    "src/addons/Demo/_data/admin_navigation.xml": "064ec797484ac00d5ee37367b50b06846d11f480d00550997712707f8fdac8c0",
    "src/addons/Demo/_data/admin_permission.xml": "ec6fb97cebf0bceb24f1ed1d5778c1db54eeb7535fbb3e31d824840e7aa9ff87",
    "src/addons/Demo/_data/advertising_positions.xml": "d2f7cbe844bb1df3cf878d22ff6306249245c8ff6b0b87b9b729744bec538261",
    "src/addons/Demo/_data/api_scopes.xml": "6793eaf758f140e8137187ba20e65f4faccf53410433ae3ad7a8b3b38cb6b3b7",
    "src/addons/Demo/_data/bb_codes.xml": "faa4ddd5f4a365e5ac39aebdcbe2d25aedf74e7eb9ea4a812766e2fd5e13bdb1",
    "src/addons/Demo/_data/bb_code_media_sites.xml": "29762987990187b33e43cfb68c08dc917b2d3f0176613d78f8e6c453f82da3f3",
    "src/addons/Demo/_data/class_extensions.xml": "cb0a1e9258de992f874d9f9e71f498d10d09f0ec8a373924bc0eafcd4a1e8cec",
    "src/addons/Demo/_data/code_events.xml": "8370dec3df47f91df4cf79da253446ad11b29f4ea568fe76c774e97a0379f0eb",
    "src/addons/Demo/_data/code_event_listeners.xml": "d6b5072f4909dee7a20ee9e44b163f95c8aa52e6ac7f573e292000cd9238c331",
    "src/addons/Demo/_data/content_type_fields.xml": "c7ad5472b28f465b7ac7617627707eba1b7a39d28089460d52e1ed292fc0b06a",
    "src/addons/Demo/_data/cron.xml": "323c4284742ef24329cd6db6f288eb9736d2353f36852e1db12591e1583aea26",
    "src/addons/Demo/_data/help_pages.xml": "a8a0c0b06cdc550438bc8a8d385af3e1e5ab3459877dfb934c1c31be59c89163",
    "src/addons/Demo/_data/member_stats.xml": "89fb2b93ff1eca7a1f6f752248edf6090dfd24037db1446fd18ff7143f08124d",
    "src/addons/Demo/_data/navigation.xml": "80a4cba3938d67b8242c38cda2e80645ae14f820c69a1b3d6ecffe27b2072099",
    "src/addons/Demo/_data/options.xml": "1cea29aa5671733d85c8fc6f7c66128eacbca5643cbb38585eb82002879b51a4",
    "src/addons/Demo/_data/option_groups.xml": "154d7a89664b243d0bd8227c22e241f934bf7e196c83230ee23d3c0c4fba1333",
    "src/addons/Demo/_data/permissions.xml": "7e4fc7d5826733d15ea2d8936b9bdd41afcaad810eb38e50da3c8d8eafda1550",
    "src/addons/Demo/_data/permission_interface_groups.xml": "3177224e96458b829aa7fb24866dda9e0455a4922aee3d669b53f59a1ffdf5d1",
    "src/addons/Demo/_data/phrases.xml": "d25136bddf76af4599c5c87a9526dc508ef746f88ae47345eee6c0dd3ce3d985",
    "src/addons/Demo/_data/routes.xml": "3b95024fcfe8469d9538944d31b33083bc4d13654cf7d3a6752972269d7a34fd",
    "src/addons/Demo/_data/style_properties.xml": "8b8690a8512f01f219dd2da76e3d0c5f62afc1f317b87794a7331c859c36a7a8",
    "src/addons/Demo/_data/style_property_groups.xml": "68e1879cb3846c42d978487aa8d5145ff3335fc39e58016878824d5cf3fd684c",
    "src/addons/Demo/_data/templates.xml": "59b0581e4c4f10c4d8dfc4cb4b83ed43192e38c435effe019d4689e6fa4a0f64",
    "src/addons/Demo/_data/template_modifications.xml": "3b54b7df00a6a4a18c5e012b6e2588e35c23aaa13a5fc227f08646a97590d778",
    "src/addons/Demo/_data/widget_definitions.xml": "37e46965256430f24004c2e7f08ba08f9b0d1cbcc4d70e84b3f4e3ffb713e64b",
    "src/addons/Demo/_data/widget_positions.xml": "a29cee66134f6bc5d75ed9df1eef21096c24401915c5b5c774389c3d7bb2d5b3"
}