{
    "src/addons/FS/NodeUrl/addon.json": "12b021b84d9ed460a093b482fb94494073d30e0a1d26f2ba2566324e0b64e432",
    "src/addons/FS/NodeUrl/Setup.php": "9d1b362a583756e51d73181f635fc9443282db508525b2cbd42fa07b94b95d0d",
    "src/addons/FS/NodeUrl/XF/Admin/Controller/NodeUrl.php": "e270062be51932d71fcd42d2b8b66e858df803fb222ffe5cc1d79f8840fbee43",
    "src/addons/FS/NodeUrl/XF/Entity/Node.php": "a5d0e787c11f9c970ab6417e6398ee37cfb3c7090fa51d9608ae5d2eb84a8c3f",
    "src/addons/FS/NodeUrl/_data/activity_summary_definitions.xml": "99d8c2563a31320d66f958fc8bda78613545f5f7959bb3cf5318805e3a3c39d2",
    "src/addons/FS/NodeUrl/_data/admin_navigation.xml": "3f30125cfef9db1683d60f4188df1665df5bf5c1967d30285a0d0a3ff3120d3c",
    "src/addons/FS/NodeUrl/_data/admin_permission.xml": "ec6fb97cebf0bceb24f1ed1d5778c1db54eeb7535fbb3e31d824840e7aa9ff87",
    "src/addons/FS/NodeUrl/_data/advertising_positions.xml": "d2f7cbe844bb1df3cf878d22ff6306249245c8ff6b0b87b9b729744bec538261",
    "src/addons/FS/NodeUrl/_data/api_scopes.xml": "6793eaf758f140e8137187ba20e65f4faccf53410433ae3ad7a8b3b38cb6b3b7",
    "src/addons/FS/NodeUrl/_data/bb_codes.xml": "faa4ddd5f4a365e5ac39aebdcbe2d25aedf74e7eb9ea4a812766e2fd5e13bdb1",
    "src/addons/FS/NodeUrl/_data/bb_code_media_sites.xml": "29762987990187b33e43cfb68c08dc917b2d3f0176613d78f8e6c453f82da3f3",
    "src/addons/FS/NodeUrl/_data/class_extensions.xml": "69c4cd1a883251ceff28e7f1de98be75b2970f8455672ddc261e9282be4ca14d",
    "src/addons/FS/NodeUrl/_data/code_events.xml": "8370dec3df47f91df4cf79da253446ad11b29f4ea568fe76c774e97a0379f0eb",
    "src/addons/FS/NodeUrl/_data/code_event_listeners.xml": "d6b5072f4909dee7a20ee9e44b163f95c8aa52e6ac7f573e292000cd9238c331",
    "src/addons/FS/NodeUrl/_data/content_type_fields.xml": "c7ad5472b28f465b7ac7617627707eba1b7a39d28089460d52e1ed292fc0b06a",
    "src/addons/FS/NodeUrl/_data/cron.xml": "323c4284742ef24329cd6db6f288eb9736d2353f36852e1db12591e1583aea26",
    "src/addons/FS/NodeUrl/_data/help_pages.xml": "a8a0c0b06cdc550438bc8a8d385af3e1e5ab3459877dfb934c1c31be59c89163",
    "src/addons/FS/NodeUrl/_data/member_stats.xml": "89fb2b93ff1eca7a1f6f752248edf6090dfd24037db1446fd18ff7143f08124d",
    "src/addons/FS/NodeUrl/_data/navigation.xml": "f75e1c03a45a360bbdfcd0567121665082315068475d5b0feb8b1acbb1688651",
    "src/addons/FS/NodeUrl/_data/options.xml": "1cea29aa5671733d85c8fc6f7c66128eacbca5643cbb38585eb82002879b51a4",
    "src/addons/FS/NodeUrl/_data/option_groups.xml": "154d7a89664b243d0bd8227c22e241f934bf7e196c83230ee23d3c0c4fba1333",
    "src/addons/FS/NodeUrl/_data/permissions.xml": "7e4fc7d5826733d15ea2d8936b9bdd41afcaad810eb38e50da3c8d8eafda1550",
    "src/addons/FS/NodeUrl/_data/permission_interface_groups.xml": "3177224e96458b829aa7fb24866dda9e0455a4922aee3d669b53f59a1ffdf5d1",
    "src/addons/FS/NodeUrl/_data/phrases.xml": "a1956941a3d8e338fdc432fa2e86014be157e0e1df119504facee40c6f885e3e",
    "src/addons/FS/NodeUrl/_data/routes.xml": "8da678b8c99868b9b63bfddb0a8a83ed009c1e89729c40a147f7a4abc0d6439a",
    "src/addons/FS/NodeUrl/_data/style_properties.xml": "8b8690a8512f01f219dd2da76e3d0c5f62afc1f317b87794a7331c859c36a7a8",
    "src/addons/FS/NodeUrl/_data/style_property_groups.xml": "68e1879cb3846c42d978487aa8d5145ff3335fc39e58016878824d5cf3fd684c",
    "src/addons/FS/NodeUrl/_data/templates.xml": "70758df58f4fcf63d00891ef4f033accaad23fd76d4b3ce76709e7f0d2d004a1",
    "src/addons/FS/NodeUrl/_data/template_modifications.xml": "491d41b307cb98fe2b584fef5a0d72feaf06d734246e9148f193aa7a85c32bde",
    "src/addons/FS/NodeUrl/_data/widget_definitions.xml": "37e46965256430f24004c2e7f08ba08f9b0d1cbcc4d70e84b3f4e3ffb713e64b",
    "src/addons/FS/NodeUrl/_data/widget_positions.xml": "a29cee66134f6bc5d75ed9df1eef21096c24401915c5b5c774389c3d7bb2d5b3"
}